RESTINGA, RESTINGA
EXTREMO SUL, BELEM NOVO, CHAPEU DO SOL, LAGEADO, LAMI, PONTA GROSSA
SUL, ESPIRITO SANTO, GUARUJA, HIPICA, IPANEMA, JARDIM ISABEL, PEDRA REDONDA, SERRARIA, TRISTEZA, VILA ASSUNCAO, VILA CONCEICAO
CENTRO-SUL, CAMAQUA, CAMPO NOVO, CAVALHADA, NONOAI, TERESOPOLIS, VILA NOVA
GLORIA, BELEM VELHO, CASCATA, GLORIA
CUREZEIRO, MEDIANEIRA, SANTA TEREZA
CRISTAL, CRISTAL
PARTENON, PARTENON, APARICIO BORGES, SANTO ANTONIO, SAO JOSE, VILA JOAO PESSOA
LOMBA DO PINHEIRO, AGRONOMIA, LOMBA DO PINHEIRO
LESTE, BOM JESUS, CHACARA DAS PEDRAS, JARDIM CARVALHO, JARDIM DO SALSO, JARDIM SABARA, MORRO SANTANA, TRES FIGUEIRAS, VILA JARDIM
NORDESTE, MARIO QUINTANA
NORTE, SARANDI
EIXO BALTAZAR, PASSO DAS PEDRAS, RUBEM BERTA
NOROESTE, BOA VISTA, CRISTO REDENTOR, HIGIENOPOLIS, JARDIM FLORESTA, JARDIM ITU, JARDIM LINDOIA, JARDIM SAO PEDRO, PASSO DAREIA, SANTA MARIA GORETTI, SAO JOAO, SAO SEBASTIAO, VILA IPIRANGA
HUMAITA NAVEGANTES, ANCHIETA, FARRAPOS, HUMAITA, NAVEGANTES, SAO GERALDO
ILHAS, ARQUIPELAGO
CENTRO, AUXILIADORA, AZENHA, BELA VISTA, BOM FIM, CENTRO HISTORICO, CIDADE BAIXA, FARROUPILHA, FLORESTA, INDEPENDENCIA, JARDIM BOTANICO, MENINO DE DEUS, MOINHOS DE VENTO, MONT SERRAT, PETROPOLIS, PRAIA DE BELAS, RIO BRANCO, SANTA CECILIA, SANTANA
